method,metric_T_r2_mean,metric_T_dtw_mean,metric_S_spectral_corr_mean,metric_S_maxlag_corr_mean
STL,0.9985978816805595,0.07520261013973233,0.9999999163897234,0.9999596387842319
SSA,0.9815864569740933,0.3391844152050956,0.9999960332635535,0.9979985874365366
STDR,0.9697621990322131,0.7210566725521526,0.9999177039517066,0.9982251116307884
