scenario_id,method,metric_T_r2_mean,metric_T_dtw_mean,metric_S_spectral_corr_mean,metric_S_maxlag_corr_mean,coverage
seasonal_ramp,SSA,0.9997889651883813,0.1304344161329139,0.999999815647733,0.9999093537695336,1.0
seasonal_ramp,STDR,0.993103448275862,0.7456433463794874,0.9999990058989148,0.9984990977786734,1.0
seasonal_ramp,STL,1.0,2.7873769196702876e-14,1.0,0.9999999742870264,1.0
shifted_season,SSA,0.9996244351451596,0.11700591647330226,0.9999998124407383,0.9998869939801212,1.0
shifted_season,STDR,0.9930204873393986,0.5044032778111843,0.9999995635404368,0.9990496550707945,1.0
shifted_season,STL,0.9999960084398236,0.012062482351792015,0.9999999940736707,0.9999998864380069,1.0
multi_scale,SSA,0.9453459705887388,0.7701129130090708,0.999988471702189,0.994199414559955,1.0
multi_scale,STDR,0.9231626614813783,0.9131233934657857,0.9997545424157682,0.9971265820428974,1.0
multi_scale,STL,0.9957976366018548,0.21354534806737707,0.9999997550954992,0.9998790556276624,1.0
