channel,mssa_backend,std_backend,mssa_residual_rms,std_residual_rms,trend_overlay_mean_abs_gap
sensor_a,python,native,0.004660197436463203,3.3697434532255653e-17,0.058989020396541844
sensor_b,python,native,0.0038040077721955214,1.1331166295920986e-17,0.026026141810744332
sensor_c,python,native,0.0998759022188889,1.2018516789897274e-17,0.012819989341381498
