{
  "method": "SSA",
  "length": 180,
  "window": 36,
  "rank": 8,
  "primary_period": 12,
  "backend_used": "native",
  "trend_mean": 1.3969830578243756,
  "season_std": 0.8420445165426318,
  "residual_rms": 0.17626286529363305,
  "residual_peak_abs": 0.40198048295854527,
  "reconstruction_max_abs_error": 0.0
}