strategy,strategy_group,cagr,sharpe,max_drawdown,calmar,average_turnover,total_return,volatility,hit_rate
buy_hold,classical,0.17724159854858978,0.8469063364628733,-0.1918460834895317,0.9238739479310829,0.0,0.9207126603598297,0.2212283570787907,0.5208333333333334
detime_macd_12_26_9,detime,0.051593499695375966,0.7076894079622269,-0.14039240336511705,0.3674949531364407,0.03373015873015873,0.22290176442132492,0.07506341367386062,0.10615079365079365
detime_sma_20_100_trend_volume,detime,0.05001917918266119,0.4190536826088581,-0.18957269918845698,0.2638522287058665,0.016865079365079364,0.21559506163861086,0.1396373451483201,0.19246031746031747
detime_trend_slope,detime,0.050078867908663005,0.4036759665279286,-0.1611938192601482,0.31067486420085066,0.01488095238095238,0.21587148899939668,0.14811358358054816,0.24206349206349206
classic_sma_50_120,classical,0.05044252534791149,0.3719180325158552,-0.27272428217086,0.18495795440872984,0.012896825396825396,0.21755665939425262,0.17198533465395072,0.3531746031746032
classic_momentum_63,classical,0.048693762360913606,0.35146626304244266,-0.2227420907558132,0.2186105113572603,0.05853174603174603,0.2094689941427912,0.18085117053772823,0.30853174603174605
classic_macd_12_26_9,classical,0.03740283583684234,0.3131605780717945,-0.16119035285509742,0.23204140430454756,0.08134920634920635,0.15821643534168417,0.15418583062142172,0.24702380952380953
classic_sma_20_100,classical,0.01255309683454886,0.15807037397700552,-0.2797335630751904,0.044875190150760275,0.016865079365079364,0.051165806090607946,0.16804193700347375,0.3253968253968254
classic_multi_ma_20_50_100,classical,0.009044504387696106,0.13374496398549804,-0.267685037679282,0.03378785929205532,0.0248015873015873,0.0366718020727661,0.1336534335298309,0.20833333333333334
detime_trend_cycle_volume,detime,-0.0030941919896761982,0.0037028894932961552,-0.15585433581751806,-0.01985310176611981,0.01488095238095238,-0.012319442218103216,0.08272981684454217,0.07738095238095238
detime_trend_pullback,detime,-0.005992522507358378,-0.0937172634528115,-0.09196236719184137,-0.06516276918859062,0.006944444444444444,-0.023755487557622135,0.0505036405522196,0.03968253968253968
