strategy,average_turnover,median_turnover,max_turnover,average_gross_exposure
classic_pair_spread_zscore_120,0.051398481709263796,0.0037792334364732984,1.0000000000000002,0.9443911792905082
classic_pair_corr_filtered_zscore,0.05835932611840707,0.0037480634836029036,1.0000000000000002,0.9165867689357622
classic_pair_ratio_zscore_120,0.06711409395973154,0.0,1.3333333333333333,0.8897411313518696
detime_spread_residual_z,0.0,0.0,0.0,0.0
detime_spread_cycle_timed,0.0,0.0,0.0,0.0
detime_spread_trend_drift_blocker,0.0017376051179917138,0.0,1.0,0.15532118887823587
