strategy,strategy_group,cagr,sharpe,max_drawdown,calmar,average_turnover,average_gross_exposure,total_return,volatility,hit_rate
classic_pair_corr_filtered_zscore,classical_pair,0.008794126021984816,0.2305293736059317,-0.10370123107771378,0.08480252288803102,0.04911576300741572,0.9716043539990534,0.07617781787694011,0.04176158129195539,0.49645054424988166
classic_pair_spread_zscore_120,classical_pair,0.00858965177549842,0.22521908631789256,-0.10370123107771434,0.08283075992667129,0.050866827844140754,0.9862754377662092,0.07435016361669944,0.04186543820567291,0.5044959772834832
detime_spread_residual_z,detime_pair,0.002387060801868346,0.07113346649088823,-0.1531778152399369,0.015583593473567088,0.0052963183072481665,0.43823946994794133,0.02019263206930577,0.054014317212391784,0.220539517274018
detime_spread_cycle_timed,detime_pair,-0.005580453615646297,-0.07761225061756703,-0.17090238385925782,-0.03265287171325786,0.0028731199009596996,0.23852342640795077,-0.045838856028831865,0.05359757428866501,0.11736867013724563
detime_spread_trend_drift_blocker,detime_pair,-0.015791326595381294,-0.24120150742133462,-0.16607419394848022,-0.09508597464745247,0.006108375738904258,0.35778513961192615,-0.12494244302285196,0.0588184862857974,0.1732134406057738
classic_pair_ratio_zscore_120,classical_pair,-0.014059976710258049,-0.24454232588605507,-0.18427046773578315,-0.07630075987226556,0.07053162959457328,0.972077614765736,-0.11195105387221882,0.0523082162536632,0.477520113582584
